attacker: ['main','row1','call','7','NEAREST','2dup','EAT','pop','OMOVE','pop','1','?loop','row1','energy','4','/','R0!','15','FARTHEST','2dup','R0','make-spore','pop','R0','make-spore','pop','2','NEAREST','2negate','2dup','OMOVE','pop','OMOVE','pop']
blueprint2: ['main','1111','R9!','22','call','1','call','row1','R1','1','=','2','if','R1','2','=','7','if','R1','3','=','8','if','R1','4','=','3','if','1','?loop','row2','1','0','EAT','pop','1','-1','-1','EAT','pop','?loop','row3','13','call','13','call','4','call','row4','RECV','2','=','5','if','RECV','8','=','6','if','1','?loop','row5','0','-1','OMOVE','pop','row6','0','1','OMOVE','pop','row7','13','call','row8','13','call','9','call','row9','AGE','3000','>','10','if','row10','2','BROADCAST','20','11','call','8','BROADCAST','50','12','call','1','?loop','row11','1-','dup','?loop','row12','1-','dup','?loop','row13','R0','-100','+','R9!','R9','23','call','14','if','R0','1','+','R9!','R9','23','call','15','if','R0','100','+','R9!','R9','23','call','16','if','R0','-1','+','R9!','R9','23','call','17','if','R0','-101','+','R9!','R9','23','call','18','if','R0','99','+','R9!','R9','23','call','19','if','R0','101','+','R9!','R9','23','call','20','if','R0','-99','+','R9!','R9','23','call','21','if','row14','0','-1','GROW','-1','=','22','if','row15','1','0','GROW','-1','=','22','if','row16','0','1','GROW','-1','=','22','if','row17','-1','0','GROW','-1','=','22','if','row18','-1','-1','GROW','-1','=','22','if','row19','-1','1','GROW','-1','=','22','if','row20','1','1','GROW','-1','=','22','if','row21','1','-1','GROW','-1','=','22','if','row22','R9','R0!','R0','23','call','R1!','row23','dup','100','23','-','swap','100','/','*','-','24','+','call','row24','0','row25','0','row26','0','row27','0','row28','0','row29','0','row30','0','row31','0','row32','0','row33','0','row34','0','row35','0','row36','0','row37','0','row38','0','row39','0','row40','0','row41','0','row42','0','row43','0','row44','0','row45','0','row46','0','row47','0','row48','0','row49','0','row50','0','row51','0','row52','0','row53','1','row54','1','row55','1','row56','1','row57','1','row58','1','row59','1','row60','1','row61','1','row62','1','row63','1','row64','0','row65','0','row66','0','row67','0','row68','0','row69','0','row70','0','row71','0','row72','0','row73','0','row74','0','row75','1','row76','2','row77','1','row78','2','row79','1','row80','2','row81','1','row82','2','row83','1','row84','2','row85','1','row86','2','row87','1','row88','0','row89','0','row90','0','row91','0','row92','0','row93','0','row94','0','row95','0','row96','0','row97','1','row98','2','row99','1','row100','2','row101','1','row102','2','row103','1','row104','2','row105','1','row106','2','row107','1','row108','2','row109','1','row110','2','row111','1','row112','0','row113','0','row114','0','row115','0','row116','0','row117','0','row118','0','row119','1','row120','2','row121','1','row122','1','row123','0','row124','0','row125','0','row126','0','row127','2','row128','0','row129','0','row130','0','row131','0','row132','1','row133','1','row134','2','row135','1','row136','0','row137','0','row138','0','row139','0','row140','0','row141','1','row142','2','row143','1','row144','1','row145','0','row146','0','row147','0','row148','0','row149','0','row150','2','row151','0','row152','0','row153','0','row154','0','row155','0','row156','1','row157','1','row158','2','row159','1','row160','0','row161','0','row162','0','row163','1','row164','2','row165','1','row166','1','row167','0','row168','0','row169','0','row170','0','row171','0','row172','0','row173','2','row174','0','row175','0','row176','0','row177','0','row178','0','row179','0','row180','1','row181','1','row182','2','row183','1','row184','0','row185','0','row186','1','row187','1','row188','2','row189','0','row190','0','row191','0','row192','4','row193','2','row194','4','row195','2','row196','2','row197','2','row198','4','row199','4','row200','4','row201','0','row202','0','row203','0','row204','2','row205','1','row206','1','row207','0','row208','0','row209','1','row210','2','row211','1','row212','0','row213','0','row214','0','row215','2','row216','0','row217','2','row218','2','row219','0','row220','2','row221','2','row222','0','row223','4','row224','0','row225','0','row226','0','row227','1','row228','2','row229','1','row230','0','row231','0','row232','1','row233','1','row234','2','row235','0','row236','0','row237','0','row238','4','row239','2','row240','0','row241','4','row242','4','row243','4','row244','0','row245','2','row246','4','row247','0','row248','0','row249','0','row250','2','row251','1','row252','1','row253','0','row254','0','row255','1','row256','2','row257','1','row258','0','row259','0','row260','0','row261','4','row262','2','row263','4','row264','0','row265','4','row266','0','row267','4','row268','2','row269','4','row270','0','row271','0','row272','0','row273','1','row274','2','row275','1','row276','0','row277','0','row278','1','row279','1','row280','2','row281','2','row282','2','row283','2','row284','2','row285','0','row286','4','row287','4','row288','3','row289','4','row290','4','row291','0','row292','2','row293','2','row294','2','row295','2','row296','2','row297','1','row298','1','row299','0','row300','0','row301','1','row302','2','row303','1','row304','0','row305','0','row306','0','row307','4','row308','2','row309','4','row310','0','row311','4','row312','0','row313','4','row314','2','row315','4','row316','0','row317','0','row318','0','row319','1','row320','2','row321','1','row322','0','row323','0','row324','1','row325','1','row326','2','row327','0','row328','0','row329','0','row330','4','row331','2','row332','0','row333','4','row334','4','row335','4','row336','0','row337','2','row338','4','row339','0','row340','0','row341','0','row342','2','row343','1','row344','1','row345','0','row346','0','row347','1','row348','2','row349','1','row350','0','row351','0','row352','0','row353','4','row354','0','row355','2','row356','2','row357','0','row358','2','row359','2','row360','0','row361','4','row362','0','row363','0','row364','0','row365','1','row366','2','row367','1','row368','0','row369','0','row370','1','row371','1','row372','2','row373','0','row374','0','row375','0','row376','4','row377','4','row378','4','row379','4','row380','2','row381','4','row382','4','row383','4','row384','4','row385','0','row386','0','row387','0','row388','2','row389','1','row390','1','row391','0','row392','0','row393','1','row394','2','row395','1','row396','1','row397','0','row398','0','row399','0','row400','0','row401','0','row402','0','row403','2','row404','0','row405','0','row406','0','row407','0','row408','0','row409','0','row410','1','row411','1','row412','2','row413','1','row414','0','row415','0','row416','0','row417','1','row418','2','row419','1','row420','1','row421','0','row422','0','row423','0','row424','0','row425','0','row426','2','row427','0','row428','0','row429','0','row430','0','row431','0','row432','1','row433','1','row434','2','row435','1','row436','0','row437','0','row438','0','row439','0','row440','0','row441','1','row442','2','row443','1','row444','1','row445','0','row446','0','row447','0','row448','0','row449','2','row450','0','row451','0','row452','0','row453','0','row454','1','row455','1','row456','2','row457','1','row458','0','row459','0','row460','0','row461','0','row462','0','row463','0','row464','0','row465','1','row466','2','row467','1','row468','2','row469','1','row470','2','row471','1','row472','2','row473','1','row474','2','row475','1','row476','2','row477','1','row478','2','row479','1','row480','0','row481','0','row482','0','row483','0','row484','0','row485','0','row486','0','row487','0','row488','0','row489','1','row490','2','row491','1','row492','2','row493','1','row494','2','row495','1','row496','2','row497','1','row498','2','row499','1','row500','2','row501','1','row502','0','row503','0','row504','0','row505','0','row506','0','row507','0','row508','0','row509','0','row510','0','row511','0','row512','0','row513','1','row514','1','row515','1','row516','1','row517','1','row518','1','row519','1','row520','1','row521','1','row522','1','row523','1','row524','0','row525','0','row526','0','row527','0','row528','0','row529','0','row530','0','row531','0','row532','0','row533','0','row534','0','row535','0','row536','0','row537','0','row538','0','row539','0','row540','0','row541','0','row542','0','row543','0','row544','0','row545','0','row546','0','row547','0','row548','0','row549','0','row550','0','row551','0','row552','0']
cmove: ['main','0','MOOD!','1','0','GROW','-1','=','2','if','9','call','0','1','CMOVE','9','call','4','MOOD!','9','call','5','MOOD!','9','call','1','call','row1','11','call','1','ROTATE','?loop','row2','0','1','GROW','-1','=','3','if','8','call','row3','1','0','GROW','-1','=','4','if','8','call','row4','-1','1','GROW','-1','=','6','if','5','call','0','1','CMOVE','8','call','row5','-2','0','MOOD','4','<>','?loop','row6','7','call','1','-1','CMOVE','8','call','row7','-1','-1','MOOD','5','<>','?loop','row8','1','?loop','row9','500','10','call','row10','1-','?dup','?loop','row11','50','12','call','row12','1-','?dup','?loop']
contest: ['main','53','71','unpack2','5','call','82','1','MAKE-SPORE','dup','MAKE-SPORE','95','R9!','-90','*','-97','7','71','MOOD!','3','?loop','71','unpack2','86','dup','71','40','10','95','NUM-CELLS','90','-rot','R2','unpack2','86','dup','row1','2/','-12','55','55','-89','row2','-56','-30','AGE','-15','?loop','-56','-30','-25','-30','-25','row3','pop','-33','R4','R7','?exit','R2!','-95','row4','row5','NEAREST','EAT','GROW','NEAREST','EAT','GROW','NEAREST','EAT','-28','GROW','NEAREST','EAT','-33','ROTATE','NEAREST','EAT','-33','NEAREST','EAT','99','ROTATE','NEAREST','EAT','-33','NEAREST','EAT','99','ROTATE','ROTATE','NEAREST','EAT','-33','ROTATE','NEAREST','EAT','-97','ROTATE','NEAREST','EAT','-41','NEAREST','EAT','-33','NEAREST','EAT','row6','R5','20','R8','/mod','2+','?loop','R2!','not','row7','-12','/','/','row8','R5','not','=','/mod','2+','?loop','R2!','not','row9','78','R1!','row10','row11','row12','row13','=','4','-rot','RECV','row14','R0!','sqrt','-58','GROW','2negate','9','sqrt','*','-7','row15','row16','-54','-70','67','MOOD!','row17','row18','row19','row20','ifelse','-42','-78','row21','row22','R4!','31','row23','row24','2over','*','NEAREST','EAT','EAT','GROW','NEAREST','EAT','-28','GROW','NEAREST','EAT','-33','ROTATE','NEAREST','EAT','-33','NEAREST','EAT','99','pack2','NEAREST','nip','R5!','if','R1!','EAT','-33','NEAREST','EAT','99','ROTATE','ROTATE','NEAREST','EAT','-33','ROTATE','NEAREST','EAT','-33','NEAREST','EAT','row25','row26','20']
diva: ['main','-1','R0!','0','R1!','20','R4!','4','R3!','0','R8!','0','R5!','4','call','6','call','row1','1','NEAREST','2dup','or','2','3','ifelse','row2','2dup','R1!','R0!','WHERE','7','call','row3','2pop','row4','R4','5','call','1','call','1','?loop','row5','R0','R1','OMOVE','pop','1','call','R0','R1','EAT','pop','1-','dup','?loop','pop','row6','1','?loop','row7','R0','R1','OMOVE','pop','1-','dup','?loop','pop']
draw: ['main','-1','R0!','0','R1!','80','R3!','1','R4!','1','call','2','call','row1','R4','3','call','4','call','R4','1','+','R4!','R3','1','-','R3!','R3','?loop','row2','1','?loop','row3','R0','R1','OMOVE','pop','7','call','1','-','dup','?loop','pop','row4','R0','R1','negate','R0!','R1!','row5','R0','R1','R0!','negate','R1!','row6','R0','R1','OMOVE','pop','row7','R0','negate','R1','negate','1','MAKE-SPORE','pop']
duck: ['main','1','call','15','FARTHEST','R1!','R0!','2','call','15','NEAREST','2negate','R1!','R0!','3','call','1','?loop','row1','7','2','NEAREST2','EAT','?loop','row2','R0','R1','OMOVE','?loop','row3','R0','R1','OMOVE','?loop']
duck-killer: ['main','0','-1','GROW','-1','=','13','if','0','1','GROW','-1','=','13','if','-1','0','GROW','-1','=','13','if','1','0','GROW','-1','=','13','if','-1','-1','GROW','-1','=','13','if','1','1','GROW','-1','=','13','if','1','-1','GROW','-1','=','13','if','-1','1','GROW','-1','=','13','if','1','R5!','0','R7!','0','R8!','1','call','row1','1','NEAREST','2dup','or','not','2','3','ifelse','1','?loop','row2','2pop','14','call','row3','OMOVE','pop','row4','0','0','row5','-3000','-3000','row6','0','-3000','row7','3000','-3000','row8','3000','0','row9','3000','3000','row10','0','3000','row11','-3000','3000','row12','-3000','0','row13','7','NEAREST','EAT','pop','1','?loop','row14','R7','R8','or','15','17','ifelse','row15','R7','R8','OMOVE','not','16','if','row16','0','R7!','0','R8!','row17','4','R5','+','call','OMOVE','not','18','if','row18','R5','1+','R5!','R5','8','>','19','if','row19','1','R5!']
duck-killer2: ['main','1','0','GROW','-1','=','12','if','0','-1','GROW','-1','=','11','if','0','1','GROW','-1','=','11','if','-1','0','GROW','-1','=','11','if','-1','-1','GROW','-1','=','11','if','1','1','GROW','-1','=','11','if','1','-1','GROW','-1','=','11','if','-1','1','GROW','-1','=','11','if','1','call','row1','1','NEAREST','pack2','1','0','SEND','1','?loop','row2','0','0','row3','-3000','-3000','row4','0','-3000','row5','3000','-3000','row6','3000','0','row7','3000','3000','row8','0','3000','row9','-3000','3000','row10','-3000','0','row11','0','1','EAT','1','0','EAT','1','1','EAT','-1','1','EAT','pack4','0','-1','EAT','-1','0','EAT','-1','-1','EAT','1','-1','EAT','pack4','2pop','1','?loop','row12','1','0','GROW','-1','=','11','if','1','1','GROW','-1','=','11','if','1','-1','GROW','-1','=','11','if','1','R5!','0','R7!','0','R8!','13','call','row13','RECV','unpack2','2dup','or','14','15','ifelse','16','call','1','?loop','row14','0','0','0','SEND','R8!','R7!','row15','2pop','row16','R7','R8','or','17','19','ifelse','row17','R7','R8','OMOVE','not','18','if','row18','0','R7!','0','R8!','row19','2','R5','+','call','OMOVE','not','20','if','row20','R5','1+','R5!','R5','8','>','21','if','row21','1','R5!']
gonad: ['main','1','0','GROW','-1','=','3','if','1','NEAREST','2dup','or','1','2','ifelse','1','?loop','row1','pack2','1','0','SEND','row2','2pop','row3','1','R5!','0','R7!','0','R8!','0','MOOD!','4','call','row4','1','MOOD!','1','0','GROW','-1','=','7','if','RECV','unpack2','2dup','or','5','6','ifelse','0','MOOD!','29','call','1','?loop','row5','0','0','0','SEND','R8!','R7!','row6','2pop','row7','0','1','GROW','-1','=','8','if','7','NEAREST','EAT','pop','1','?loop','row8','-1','0','GROW','-1','=','9','if','7','NEAREST','EAT','pop','1','?loop','row9','-1','0','GROW','-1','=','10','if','7','NEAREST','EAT','pop','1','?loop','row10','-1','0','GROW','-1','=','11','if','7','NEAREST','EAT','pop','1','?loop','row11','0','-1','GROW','-1','=','12','if','7','NEAREST','EAT','pop','1','?loop','row12','0','-1','GROW','-1','=','13','if','7','NEAREST','EAT','pop','1','?loop','row13','1','0','GROW','-1','=','14','if','7','NEAREST','EAT','pop','1','?loop','row14','1','0','GROW','-1','=','15','if','7','NEAREST','EAT','pop','1','?loop','row15','1','0','GROW','-1','=','16','if','7','NEAREST','EAT','pop','1','?loop','row16','1','1','GROW','-1','=','17','if','7','NEAREST','EAT','pop','1','?loop','row17','ENERGY','2','/','R0!','18','call','19','call','1','0','R0','MAKE-SPORE','1','0','0','MAKE-SPORE','2pop','15','FARTHEST','2dup','2dup','2dup','OMOVE','pop','OMOVE','pop','OMOVE','pop','OMOVE','pop','1','?loop','row18','-2','0','MOOD','?loop','row19','-2','0','MOOD','not','?loop','row20','0','0','row21','-3000','-3000','row22','0','-3000','row23','3000','-3000','row24','3000','0','row25','3000','3000','row26','0','3000','row27','-3000','3000','row28','-3000','0','row29','R7','R8','or','30','32','ifelse','row30','R7','R8','OMOVE','not','31','if','row31','0','R7!','0','R8!','row32','20','R5','+','call','OMOVE','not','33','if','row33','R5','1+','R5!','R5','8','>','34','if','row34','1','R5!']
greedy_seed: ['main','1','ROTATE','6','R4!','1','call','3','call','1','?loop','row1','ENERGY','R4','>','dup','2','if','?loop','row2','6','call','row3','ENERGY','R4','<=','dup','4','if','?loop','row4','5','call','row5','1','ROTATE','4','NEAREST','2dup','EAT','R3!','OMOVE','pop','R3','?exit','2','NEAREST','2dup','EAT','R3!','OMOVE','pop','R3','?exit','1','NEAREST','2dup','EAT','R3!','OMOVE','pop','R3','?exit','row6','1','ROTATE','ENERGY','10','/','R0!','1','-1','R0','MAKE-SPORE','R6!','1','1','R0','MAKE-SPORE','R7!','-1','1','R0','MAKE-SPORE','R8!','-1','-1','R0','MAKE-SPORE','R9!','1','ROTATE','R6','7','if','R7','8','if','R8','9','if','R9','10','if','0','R6','+','R7','+','R8','+','R9','+','1','<','11','if','row7','1','-1','R0','MAKE-SPORE','R6!','row8','1','1','R0','MAKE-SPORE','R7!','row9','-1','1','R0','MAKE-SPORE','R8!','row10','-1','-1','R0','MAKE-SPORE','R9!','row11','12','call','row12','1','ROTATE','0','-1','OMOVE','?exit','0','1','OMOVE','?exit','-1','0','OMOVE','?exit','1','0','OMOVE','?exit','-1','-1','OMOVE','?exit','1','1','OMOVE','?exit','-1','1','OMOVE','?exit','1','-1','OMOVE','?exit','row13','0','pop']
hanoi: ['main','8','R8!','2','call','pop','R9!','R8','7','call','R8','-1','0','1','32','call','1','call','row1','1','?loop','row2','3','call','4','call','0','5','call','0','6','call','row3','-1','0','OMOVE','?loop','row4','0','-1','OMOVE','?loop','row5','1+','1','0','OMOVE','?loop','row6','1+','0','1','OMOVE','?loop','row7','8','call','9','call','10','call','row8','-1','0','OMOVE','?loop','row9','0','1','OMOVE','?loop','row10','?dup','11','if','row11','dup','13','call','1-','0','-1','OMOVE','pop','12','call','10','call','row12','-1','0','OMOVE','?loop','row13','1','0','OMOVE','pop','-1','0','1','MAKE-SPORE','pop','1-','?dup','?loop','row14','swap','dup','24','call','dup','0','=','15','16','ifelse','swap','17','call','pop','row15','pop','1','row16','negate','row17','swap','dup','0','OMOVE','pop','dup','negate','0','1','MAKE-SPORE','pop','swap','1-','?dup','?loop','row18','dup','24','call','dup','0','=','19','20','ifelse','0','21','call','swap','pop','row19','pop','1','row20','negate','row21','0','1','EAT','0','>','22','23','ifelse','?loop','row22','1+','swap','dup','0','OMOVE','pop','swap','1','row23','0','row24','R8','10','+','25','call','dup','0','=','26','29','ifelse','pop','30','call','row25','0','-1','OMOVE','pop','1-','?dup','?loop','row26','27','call','R9','2','/','28','call','row27','-1','0','OMOVE','?loop','row28','1','0','OMOVE','pop','1-','?dup','?loop','row29','dup','0','OMOVE','?loop','row30','0','1','OMOVE','?loop','row31','swap','18','call','14','call','row32','3','pick','0','>','33','if','pop','pop','pop','pop','row33','3','pick','1-','3','pick','2','pick','4','pick','32','call','2','pick','1','pick','31','call','3','pick','1-','2','pick','4','pick','3','pick','32','call']
hanoi15: ['main','15','R8!','2','call','pop','R9!','R8','7','call','R8','-1','0','1','32','call','1','call','row1','1','?loop','row2','3','call','4','call','0','5','call','0','6','call','row3','-1','0','OMOVE','?loop','row4','0','-1','OMOVE','?loop','row5','1+','1','0','OMOVE','?loop','row6','1+','0','1','OMOVE','?loop','row7','8','call','9','call','10','call','row8','-1','0','OMOVE','?loop','row9','0','1','OMOVE','?loop','row10','?dup','11','if','row11','dup','13','call','1-','0','-1','OMOVE','pop','12','call','10','call','row12','-1','0','OMOVE','?loop','row13','1','0','OMOVE','pop','-1','0','1','MAKE-SPORE','pop','1-','?dup','?loop','row14','swap','dup','24','call','dup','0','=','15','16','ifelse','swap','17','call','pop','row15','pop','1','row16','negate','row17','swap','dup','0','OMOVE','pop','dup','negate','0','1','MAKE-SPORE','pop','swap','1-','?dup','?loop','row18','dup','24','call','dup','0','=','19','20','ifelse','0','21','call','swap','pop','row19','pop','1','row20','negate','row21','0','1','EAT','0','>','22','23','ifelse','?loop','row22','1+','swap','dup','0','OMOVE','pop','swap','1','row23','0','row24','R8','10','+','25','call','dup','0','=','26','29','ifelse','pop','30','call','row25','0','-1','OMOVE','pop','1-','?dup','?loop','row26','27','call','R9','2','/','28','call','row27','-1','0','OMOVE','?loop','row28','1','0','OMOVE','pop','1-','?dup','?loop','row29','dup','0','OMOVE','?loop','row30','0','1','OMOVE','?loop','row31','swap','18','call','14','call','row32','3','pick','0','>','33','if','pop','pop','pop','pop','row33','3','pick','1-','3','pick','2','pick','4','pick','32','call','2','pick','1','pick','31','call','3','pick','1-','2','pick','4','pick','3','pick','32','call']
iamthestar: ['main','ENERGY','10','<','1','if','1111','R9!','27','call','26','call','row1','0','-1','WHERE','2','if','1','0','WHERE','3','if','0','1','WHERE','4','if','-1','0','WHERE','5','if','R1','11','+','call','OMOVE','pop','R1','11','+','call','GROW','-1','=','9','if','R1','2','+','R1!','R1','8','>','6','if','7','call','row2','5','R1!','row3','7','R1!','row4','1','R1!','row5','3','R1!','row6','R1','8','-','R1!','row7','ENERGY','2','>','8','if','1','?loop','row8','R1','11','+','call','ENERGY','2','-','MAKE-SPORE','pop','row9','R1','11','+','call','GROW','-1','=','10','if','1','0','EAT','pop','-1','0','EAT','pop','0','-1','EAT','pop','20','call','row10','1','?loop','row11','0','0','row12','0','-1','row13','1','-1','row14','1','0','row15','1','1','row16','0','1','row17','-1','1','row18','-1','0','row19','-1','-1','row20','1','0','EAT','-1','-1','EAT','2pop','1','0','1','EAT','1','1','EAT','2pop','?loop','row21','28','call','row22','0','-2','WHERE','?loop','0','-1','1','MAKE-SPORE','pop','0','-1','1','MAKE-SPORE','pop','1','?loop','row23','2','0','WHERE','?loop','1','0','1','MAKE-SPORE','pop','1','0','1','MAKE-SPORE','pop','1','?loop','row24','0','2','WHERE','?loop','0','1','1','MAKE-SPORE','pop','0','1','1','MAKE-SPORE','pop','1','?loop','row25','-2','0','WHERE','?loop','-1','0','1','MAKE-SPORE','pop','-1','0','1','MAKE-SPORE','pop','1','?loop','row26','R1','1','=','20','if','R1','2','=','21','if','R1','3','=','22','if','R1','4','=','23','if','R1','5','=','24','if','R1','6','=','25','if','1','?loop','row27','R9','R0!','R0','37','call','R1!','row28','R0','-100','+','R9!','R9','37','call','29','if','R0','1','+','R9!','R9','37','call','30','if','R0','100','+','R9!','R9','37','call','31','if','R0','-1','+','R9!','R9','37','call','32','if','R0','-101','+','R9!','R9','37','call','33','if','R0','101','+','R9!','R9','37','call','34','if','R0','-99','+','R9!','R9','37','call','35','if','R0','99','+','R9!','R9','37','call','36','if','row29','0','-1','GROW','-1','=','27','if','row30','1','0','GROW','-1','=','27','if','row31','0','1','GROW','-1','=','27','if','row32','-1','0','GROW','-1','=','27','if','row33','-1','-1','GROW','-1','=','27','if','row34','1','1','GROW','-1','=','27','if','row35','1','-1','GROW','-1','=','27','if','row36','-1','1','GROW','-1','=','27','if','row37','dup','100','23','-','swap','100','/','*','-','38','+','call','row38','0','row39','0','row40','0','row41','0','row42','0','row43','0','row44','0','row45','0','row46','0','row47','0','row48','0','row49','0','row50','0','row51','0','row52','0','row53','0','row54','0','row55','0','row56','0','row57','0','row58','0','row59','0','row60','0','row61','0','row62','0','row63','0','row64','0','row65','0','row66','0','row67','0','row68','0','row69','0','row70','0','row71','0','row72','0','row73','0','row74','0','row75','0','row76','0','row77','0','row78','0','row79','0','row80','0','row81','0','row82','0','row83','0','row84','0','row85','0','row86','0','row87','0','row88','0','row89','0','row90','0','row91','0','row92','0','row93','0','row94','0','row95','0','row96','0','row97','0','row98','0','row99','0','row100','0','row101','0','row102','0','row103','0','row104','0','row105','0','row106','0','row107','0','row108','0','row109','0','row110','0','row111','0','row112','0','row113','0','row114','0','row115','0','row116','0','row117','0','row118','0','row119','0','row120','0','row121','0','row122','0','row123','0','row124','0','row125','0','row126','0','row127','0','row128','0','row129','0','row130','0','row131','0','row132','0','row133','0','row134','0','row135','0','row136','0','row137','0','row138','0','row139','0','row140','0','row141','0','row142','0','row143','0','row144','0','row145','0','row146','0','row147','0','row148','0','row149','0','row150','0','row151','0','row152','0','row153','0','row154','0','row155','0','row156','0','row157','0','row158','0','row159','0','row160','0','row161','0','row162','0','row163','0','row164','0','row165','0','row166','0','row167','0','row168','0','row169','0','row170','0','row171','0','row172','0','row173','0','row174','0','row175','0','row176','0','row177','0','row178','0','row179','0','row180','0','row181','0','row182','0','row183','0','row184','0','row185','0','row186','0','row187','0','row188','0','row189','0','row190','0','row191','0','row192','0','row193','0','row194','0','row195','0','row196','0','row197','0','row198','0','row199','0','row200','0','row201','0','row202','0','row203','0','row204','0','row205','0','row206','1','row207','1','row208','1','row209','0','row210','0','row211','0','row212','1','row213','1','row214','1','row215','0','row216','0','row217','0','row218','0','row219','0','row220','0','row221','0','row222','0','row223','0','row224','0','row225','0','row226','0','row227','0','row228','0','row229','1','row230','2','row231','2','row232','0','row233','0','row234','0','row235','2','row236','2','row237','1','row238','0','row239','0','row240','0','row241','0','row242','0','row243','0','row244','0','row245','0','row246','0','row247','0','row248','0','row249','0','row250','0','row251','0','row252','1','row253','2','row254','2','row255','2','row256','3','row257','2','row258','2','row259','2','row260','1','row261','0','row262','0','row263','0','row264','0','row265','0','row266','0','row267','0','row268','0','row269','0','row270','0','row271','0','row272','0','row273','0','row274','0','row275','0','row276','0','row277','2','row278','2','row279','2','row280','2','row281','2','row282','0','row283','0','row284','0','row285','0','row286','0','row287','0','row288','0','row289','0','row290','0','row291','0','row292','0','row293','0','row294','0','row295','0','row296','0','row297','0','row298','0','row299','0','row300','6','row301','2','row302','2','row303','2','row304','4','row305','0','row306','0','row307','0','row308','0','row309','0','row310','0','row311','0','row312','0','row313','0','row314','0','row315','0','row316','0','row317','0','row318','0','row319','0','row320','0','row321','0','row322','0','row323','2','row324','2','row325','2','row326','2','row327','2','row328','0','row329','0','row330','0','row331','0','row332','0','row333','0','row334','0','row335','0','row336','0','row337','0','row338','0','row339','0','row340','0','row341','0','row342','0','row343','0','row344','1','row345','2','row346','2','row347','2','row348','5','row349','2','row350','2','row351','2','row352','1','row353','0','row354','0','row355','0','row356','0','row357','0','row358','0','row359','0','row360','0','row361','0','row362','0','row363','0','row364','0','row365','0','row366','0','row367','1','row368','2','row369','2','row370','0','row371','0','row372','0','row373','2','row374','2','row375','1','row376','0','row377','0','row378','0','row379','0','row380','0','row381','0','row382','0','row383','0','row384','0','row385','0','row386','0','row387','0','row388','0','row389','0','row390','1','row391','1','row392','1','row393','0','row394','0','row395','0','row396','1','row397','1','row398','1','row399','0','row400','0','row401','0','row402','0','row403','0','row404','0','row405','0','row406','0','row407','0','row408','0','row409','0','row410','0','row411','0','row412','0','row413','0','row414','0','row415','0','row416','0','row417','0','row418','0','row419','0','row420','0','row421','0','row422','0','row423','0','row424','0','row425','0','row426','0','row427','0','row428','0','row429','0','row430','0','row431','0','row432','0','row433','0','row434','0','row435','0','row436','0','row437','0','row438','0','row439','0','row440','0','row441','0','row442','0','row443','0','row444','0','row445','0','row446','0','row447','0','row448','0','row449','0','row450','0','row451','0','row452','0','row453','0','row454','0','row455','0','row456','0','row457','0','row458','0','row459','0','row460','0','row461','0','row462','0','row463','0','row464','0','row465','0','row466','0','row467','0','row468','0','row469','0','row470','0','row471','0','row472','0','row473','0','row474','0','row475','0','row476','0','row477','0','row478','0','row479','0','row480','0','row481','0','row482','0','row483','0','row484','0','row485','0','row486','0','row487','0','row488','0','row489','0','row490','0','row491','0','row492','0','row493','0','row494','0','row495','0','row496','0','row497','0','row498','0','row499','0','row500','0','row501','0','row502','0','row503','0','row504','0','row505','0','row506','0','row507','0','row508','0','row509','0','row510','0','row511','0','row512','0','row513','0','row514','0','row515','0','row516','0','row517','0','row518','0','row519','0','row520','0','row521','0','row522','0','row523','0','row524','0','row525','0','row526','0','row527','0','row528','0','row529','0','row530','0','row531','0','row532','0','row533','0','row534','0','row535','0','row536','0','row537','0','row538','0','row539','0','row540','0','row541','0','row542','0','row543','0','row544','0','row545','0','row546','0','row547','0','row548','0','row549','0','row550','0','row551','0','row552','0','row553','0','row554','0','row555','0','row556','0','row557','0','row558','0','row559','0','row560','0','row561','0','row562','0','row563','0','row564','0','row565','0','row566','0']
iamthestar2: ['main','ENERGY','10','<','1','if','1111','R9!','27','call','26','call','row1','0','-1','WHERE','1','=','2','if','1','0','WHERE','1','=','3','if','0','1','WHERE','1','=','4','if','-1','0','WHERE','1','=','5','if','R1','11','+','call','OMOVE','pop','R1','11','+','call','GROW','-1','=','9','if','R1','2','+','R1!','R1','8','>','6','if','7','call','row2','5','R1!','row3','7','R1!','row4','1','R1!','row5','3','R1!','row6','R1','8','-','R1!','row7','ENERGY','2','>','8','if','1','?loop','row8','R1','11','+','call','ENERGY','2','-','MAKE-SPORE','pop','row9','R1','11','+','call','GROW','1','=','10','if','7','NEAREST','EAT','pop','1','?loop','row10','20','call','row11','0','0','row12','0','-1','row13','1','-1','row14','1','0','row15','1','1','row16','0','1','row17','-1','1','row18','-1','0','row19','-1','-1','row20','7','NEAREST','EAT','7','NEAREST','EAT','2pop','1','7','NEAREST','EAT','7','NEAREST','EAT','2pop','?loop','row21','28','call','row22','0','-2','WHERE','2','<=','?loop','0','-1','1','MAKE-SPORE','pop','0','-1','1','MAKE-SPORE','pop','1','?loop','row23','2','0','WHERE','2','<=','?loop','1','0','1','MAKE-SPORE','pop','1','0','1','MAKE-SPORE','pop','1','?loop','row24','0','2','WHERE','2','<=','?loop','0','1','1','MAKE-SPORE','pop','0','1','1','MAKE-SPORE','pop','1','?loop','row25','-2','0','WHERE','2','<=','?loop','-1','0','1','MAKE-SPORE','pop','-1','0','1','MAKE-SPORE','pop','1','?loop','row26','R1','1','=','20','if','R1','2','=','21','if','R1','3','=','22','if','R1','4','=','23','if','R1','5','=','24','if','R1','6','=','25','if','1','?loop','row27','R9','R0!','R0','37','call','R1!','row28','R0','-100','+','R9!','R9','37','call','29','if','R0','1','+','R9!','R9','37','call','30','if','R0','100','+','R9!','R9','37','call','31','if','R0','-1','+','R9!','R9','37','call','32','if','R0','-101','+','R9!','R9','37','call','33','if','R0','101','+','R9!','R9','37','call','34','if','R0','-99','+','R9!','R9','37','call','35','if','R0','99','+','R9!','R9','37','call','36','if','row29','0','-1','GROW','-1','=','27','if','row30','1','0','GROW','-1','=','27','if','row31','0','1','GROW','-1','=','27','if','row32','-1','0','GROW','-1','=','27','if','row33','-1','-1','GROW','-1','=','27','if','row34','1','1','GROW','-1','=','27','if','row35','1','-1','GROW','-1','=','27','if','row36','-1','1','GROW','-1','=','27','if','row37','dup','100','23','-','swap','100','/','*','-','38','+','call','row38','0','row39','0','row40','0','row41','0','row42','0','row43','0','row44','0','row45','0','row46','0','row47','0','row48','0','row49','0','row50','0','row51','0','row52','0','row53','0','row54','0','row55','0','row56','0','row57','0','row58','0','row59','0','row60','0','row61','0','row62','0','row63','0','row64','0','row65','0','row66','0','row67','0','row68','0','row69','0','row70','0','row71','0','row72','0','row73','0','row74','0','row75','0','row76','0','row77','0','row78','0','row79','0','row80','0','row81','0','row82','0','row83','0','row84','0','row85','0','row86','0','row87','0','row88','0','row89','0','row90','0','row91','0','row92','0','row93','0','row94','0','row95','0','row96','0','row97','0','row98','0','row99','0','row100','0','row101','0','row102','0','row103','0','row104','0','row105','0','row106','0','row107','0','row108','0','row109','0','row110','0','row111','0','row112','0','row113','0','row114','0','row115','0','row116','0','row117','0','row118','0','row119','0','row120','0','row121','0','row122','0','row123','0','row124','0','row125','0','row126','0','row127','0','row128','0','row129','0','row130','0','row131','0','row132','0','row133','0','row134','0','row135','0','row136','0','row137','0','row138','0','row139','0','row140','0','row141','0','row142','0','row143','0','row144','0','row145','0','row146','0','row147','0','row148','0','row149','0','row150','0','row151','0','row152','0','row153','0','row154','0','row155','0','row156','0','row157','0','row158','0','row159','0','row160','0','row161','0','row162','0','row163','0','row164','0','row165','0','row166','0','row167','0','row168','0','row169','0','row170','0','row171','0','row172','0','row173','0','row174','0','row175','0','row176','0','row177','0','row178','0','row179','0','row180','0','row181','0','row182','0','row183','0','row184','0','row185','0','row186','0','row187','0','row188','0','row189','0','row190','0','row191','0','row192','0','row193','0','row194','0','row195','0','row196','0','row197','0','row198','0','row199','0','row200','0','row201','0','row202','0','row203','0','row204','0','row205','0','row206','1','row207','1','row208','1','row209','0','row210','0','row211','0','row212','1','row213','1','row214','1','row215','0','row216','0','row217','0','row218','0','row219','0','row220','0','row221','0','row222','0','row223','0','row224','0','row225','0','row226','0','row227','0','row228','0','row229','1','row230','2','row231','2','row232','0','row233','0','row234','0','row235','2','row236','2','row237','1','row238','0','row239','0','row240','0','row241','0','row242','0','row243','0','row244','0','row245','0','row246','0','row247','0','row248','0','row249','0','row250','0','row251','0','row252','1','row253','2','row254','2','row255','2','row256','3','row257','2','row258','2','row259','2','row260','1','row261','0','row262','0','row263','0','row264','0','row265','0','row266','0','row267','0','row268','0','row269','0','row270','0','row271','0','row272','0','row273','0','row274','0','row275','0','row276','0','row277','2','row278','2','row279','2','row280','2','row281','2','row282','0','row283','0','row284','0','row285','0','row286','0','row287','0','row288','0','row289','0','row290','0','row291','0','row292','0','row293','0','row294','0','row295','0','row296','0','row297','0','row298','0','row299','0','row300','6','row301','2','row302','2','row303','2','row304','4','row305','0','row306','0','row307','0','row308','0','row309','0','row310','0','row311','0','row312','0','row313','0','row314','0','row315','0','row316','0','row317','0','row318','0','row319','0','row320','0','row321','0','row322','0','row323','2','row324','2','row325','2','row326','2','row327','2','row328','0','row329','0','row330','0','row331','0','row332','0','row333','0','row334','0','row335','0','row336','0','row337','0','row338','0','row339','0','row340','0','row341','0','row342','0','row343','0','row344','1','row345','2','row346','2','row347','2','row348','5','row349','2','row350','2','row351','2','row352','1','row353','0','row354','0','row355','0','row356','0','row357','0','row358','0','row359','0','row360','0','row361','0','row362','0','row363','0','row364','0','row365','0','row366','0','row367','1','row368','2','row369','2','row370','0','row371','0','row372','0','row373','2','row374','2','row375','1','row376','0','row377','0','row378','0','row379','0','row380','0','row381','0','row382','0','row383','0','row384','0','row385','0','row386','0','row387','0','row388','0','row389','0','row390','1','row391','1','row392','1','row393','0','row394','0','row395','0','row396','1','row397','1','row398','1','row399','0','row400','0','row401','0','row402','0','row403','0','row404','0','row405','0','row406','0','row407','0','row408','0','row409','0','row410','0','row411','0','row412','0','row413','0','row414','0','row415','0','row416','0','row417','0','row418','0','row419','0','row420','0','row421','0','row422','0','row423','0','row424','0','row425','0','row426','0','row427','0','row428','0','row429','0','row430','0','row431','0','row432','0','row433','0','row434','0','row435','0','row436','0','row437','0','row438','0','row439','0','row440','0','row441','0','row442','0','row443','0','row444','0','row445','0','row446','0','row447','0','row448','0','row449','0','row450','0','row451','0','row452','0','row453','0','row454','0','row455','0','row456','0','row457','0','row458','0','row459','0','row460','0','row461','0','row462','0','row463','0','row464','0','row465','0','row466','0','row467','0','row468','0','row469','0','row470','0','row471','0','row472','0','row473','0','row474','0','row475','0','row476','0','row477','0','row478','0','row479','0','row480','0','row481','0','row482','0','row483','0','row484','0','row485','0','row486','0','row487','0','row488','0','row489','0','row490','0','row491','0','row492','0','row493','0','row494','0','row495','0','row496','0','row497','0','row498','0','row499','0','row500','0','row501','0','row502','0','row503','0','row504','0','row505','0','row506','0','row507','0','row508','0','row509','0','row510','0','row511','0','row512','0','row513','0','row514','0','row515','0','row516','0','row517','0','row518','0','row519','0','row520','0','row521','0','row522','0','row523','0','row524','0','row525','0','row526','0','row527','0','row528','0','row529','0','row530','0','row531','0','row532','0','row533','0','row534','0','row535','0','row536','0','row537','0','row538','0','row539','0','row540','0','row541','0','row542','0','row543','0','row544','0','row545','0','row546','0','row547','0','row548','0','row549','0','row550','0','row551','0','row552','0','row553','0','row554','0','row555','0','row556','0','row557','0','row558','0','row559','0','row560','0','row561','0','row562','0','row563','0','row564','0','row565','0','row566','0']
kforth_example_add: 
kforth_example_bigints: 
kforth_example_cube: 
kforth_example_factorial: 
kforth_example_factorial_loop: 
kforth_example_foobar: 
kforth_example_goo: 
kforth_example_infloop: 
kforth_example_junk: 
kforth_example_junk2: 
kforth_example_mul: 
kforth_example_mycall: 
kforth_example_myfirstprog: 
kforth_example_myif: 
kforth_example_pack: 
kforth_example_repeat: 
kforth_example_saveregs: 
kforth_example_simple: 
kforth_example_small: 
kforth_example_table: 
knut: ['main','call','call','1','9','call','2','call','pop','OMOVE','?loop','-15','R3','GROW','5','2','abs','call','call','-75','?loop','row1','3','7','2dup','2dup','NEAREST2','EAT','OMOVE','EAT','OMOVE','EAT','row2','R4','-34','2dup','GROW','row3','-84','call','-72','WHAT','-84','call','R0','row4','/mod','-10','FARTHEST','-70','-8','-4','-2','R7','1','R0!','-8','-4','/','2pop','row5','-3','5','2dup','NEAREST2','EAT','pop','OMOVE','?loop','1','EAT','NEAREST2','-2','AGE','2*','OMOVE','?loop','<=','EAT','2','call','1','row6','row7','row8','row9','-76','-1','-3','OMOVE','ENERGY','4','/','R0!','-1','0','R0','MAKE-SPORE','-1','0','R7','MAKE-SPORE','pop','pop','row10','-1','OMOVE','2pop','8','-5','R0','-7','OMOVE','2pop','R0!','-6','MAKE-SPORE','row11','row12','-78','ENERGY','93','60','MOOD!','-51','7','60','-88','-6','-8','pack2','+','row13','-78','ENERGY','93','60','MOOD!','-51','7','60','-88','-6','-8','pack2','+','row14','-78','7','R0','3','MAKE-SPORE','70','81','2+','-rot','Rn!','2swap','<>','>','2over','4','-78','7','R0','3','MOOD','R0!','3','-4','-1','2/','83','R0','39','row15','-78','7','R0','3','MAKE-SPORE','70','81','2+','-rot','Rn!','2swap','<>','>','2over','4','-78','7','R0','3','MOOD','R0!','3','-4','-1','2/','83','R0','39','row16','Rn','dup','-77','-77','R0','CB','row17','Rn','dup','Rn','dup','-77','-77','tuck','R0!','row18','-78','R4!','3','MAKE-SPORE','70','81','>','2over','4','MOOD','R0!','3','R9!','R9','-4','-1','R0','39','2/','83','R0','39','row19','-78','R4!','3','MAKE-SPORE','70','81','>','2over','4','MOOD','R0!','3','R9!','R9','-4','-1','R0','39','2/','83','R0','39','row20','6','2*','-12','R7','-76','MOOD!','R8','ROTATE','3','OMOVE','MAKE-SPORE','-1','R0','ROTATE','4','R0','R0','-94','2over','2/','R0!','NEAREST','row21','6','2*','-12','R7','-76','MOOD!','R8','ROTATE','3','R0','MAKE-SPORE','-1','R0','ROTATE','4','R0','R0','-94','2over','2/','R0!','NEAREST','row22','row23','row24','<','-68','89','sqrt','2over','-82','/mod','2over','row25','<','-68','89','sqrt','2over','-82','/mod','2over','row26','-84','mod','-61','R7','OMOVE','row27','-84','tuck','OMOVE','negate','61','R3!','unpack4','row28','-86','-62','row29','-84','-61','row30','>=','negate','65','-50','row31','50','row32','row33','row34','row35','row36','row37','row38','80','row39','-93','pick','over','-74','row40','-8','FARTHEST','NEAREST2','sign','row41','-8','FARTHEST','NEAREST2','sign','row42','R0!','R0!','93','if','row43','55','row44','R0!','-70','93','if','row45','row46','80']
knut2: ['main','call','call','1','9','call','2','call','pop','OMOVE','?loop','15','CB','GROW','call','pack2','7','GROW','5','call','call','GROW','5','call','-31','?loop','76','-rot','32','38','-1','CB','-rot','R8','call','-79','call','R7!','9','9','66','R5!','sqrt','R5','ENERGY','-58','R1','/','46','OMOVE','row1','1','NEAREST','EAT','86','30','2dup','3','NEAREST','EAT','OMOVE','EAT','OMOVE','NEAREST','EAT','EAT','EAT','row2','R3','-28','2dup','GROW','row3','row4','row5','-5','5','2dup','NEAREST2','EAT','pop','OMOVE','33','NEAREST2','EAT','GROW','NEAREST','EAT','75','NEAREST','EAT','-2','AGE','OMOVE','?loop','79','NEAREST','EAT','79','79','R0','row6','ifelse','-64','row7','row8','row9','-61','-3','-3','OMOVE','ENERGY','4','/','R0!','-4','0','R0','MAKE-SPORE','-1','0','R9','MAKE-SPORE','pop','pop','row10','-91','-80','WHERE','row11','row12','row13','row14','row15','row16','67','-58','OMOVE','11','10','row17','R0!','2swap','R0!','FARTHEST2','row18','-98','47','row19','-98','<>','row20','row21','2dup','SEND','row22','2swap','<>','row23','row24','row25','row26','90','23','-1','tuck','-58','2','R5!','row27','row28','rot','66','-1','55','-86','47','row29','-86','row30','row31','row32','49','R9','and','and','-59','10','14','-10','-49','row33','row34','46','R9','and','32','FARTHEST2','49','MOOD','row35','row36','SEND','0','R9','row37','row38','row39','row40','1','NEAREST','EAT','86','30','2dup','3','NEAREST','EAT','OMOVE','EAT','OMOVE','NEAREST','EAT','EAT','EAT','row41','row42','row43','row44','2pop','-65','SEND','29','-91','-91','24','6','-65','-39','row45','2pop','-65','-67','-22','2over','MOOD!','-37','-91','24','6','-65','-39','-65','-39','row46','23','OMOVE','row47','23','over','BROADCAST','11','R3','-20','row48','-49','row49','-5','82','OMOVE','24','or','-12','20','rot','-']
knut3: ['main','52','71','unpack2','5','call','dup','61','1','MAKE-SPORE','dup','MAKE-SPORE','?loop','NEAREST','NEAREST','83','-54','ROTATE','dup','row1','row2','row3','-34','5','-68','row4','row5','NEAREST','EAT','GROW','GROW','NEAREST','EAT','R6','-99','GROW','-26','ROTATE','NEAREST','EAT','-30','ROTATE','NEAREST','EAT','5','ROTATE','NEAREST','EAT','93','ROTATE','NEAREST','EAT','-34','NEAREST','EAT','-30','ROTATE','NEAREST','EAT','-37','ROTATE','NEAREST','EAT','-34','NEAREST','EAT','row6','2dup','row7','R2','-98','-99','row8','10','WHERE','row9','row10','-1','-54','-54','-54','row11','34','-76','-69','<','call','row12','NUM-CELLS','xor','NUM-CELLS','2/','-87','-74','R4','NUM-CELLS','2/','-87','R1','-11','-42','24','row13','85','74','93','WHAT','4','not','HAS-NEIGHBOR','-20','56','+','R5!','mod','row14','NEAREST','EAT','GROW','GROW','NEAREST','EAT','R6','-97','GROW','-33','ROTATE','NEAREST','EAT','3','ROTATE','NEAREST','EAT','95','ROTATE','NEAREST','EAT','-33','NEAREST','EAT','-33','ROTATE','ROTATE','NEAREST','EAT','-33','NEAREST','EAT','row15','row16','81','-10','row17','row18','-5','-5','-54','EAT','CB','-54','EAT','CB','row19','-35','sqrt','=','sqrt','mod','row20','R9!','row21','not','R5!','15','56','+','R5!','39','-40','15','15','=','sqrt','mod','row22','negate','row23','row24','17','-91','negate','-83','row25','row26','row27','2negate','2negate','2','or','SEND','R1!','row28','row29','52','-5','swap','63','0=','rot','-96','98','2negate','row30','row31','48','row32','row33','?exit','73','-96','2pop','-71','9','48','row34','row35','row36','77','1+','CMOVE']
seed: ['main','9','call','9','call','1','call','9','call','2','call','9','call','3','call','9','call','4','call','9','call','5','call','9','call','6','call','9','call','7','call','9','call','8','call','9','call','1','?loop','row1','1','1','2dup','EAT','pop','OMOVE','?loop','row2','-1','0','2dup','EAT','pop','OMOVE','?loop','row3','-1','1','2dup','EAT','pop','OMOVE','?loop','row4','1','0','2dup','EAT','pop','OMOVE','?loop','row5','1','-1','2dup','EAT','pop','OMOVE','?loop','row6','0','1','2dup','EAT','pop','OMOVE','?loop','row7','0','-1','2dup','EAT','pop','OMOVE','?loop','row8','-1','-1','2dup','EAT','pop','OMOVE','?loop','row9','ENERGY','4','/','R0!','-1','0','R0','MAKE-SPORE','pop','-1','0','R0','MAKE-SPORE','pop','1','1','OMOVE','pop','0','-1','OMOVE','pop','0','-1','OMOVE','pop','0','-1','OMOVE','pop','0','-1','OMOVE','pop','0','-1','OMOVE','pop']
sex_seed: ['main','9','call','1','call','9','call','1','NEAREST','EAT','pop','2','call','9','call','1','NEAREST','EAT','pop','3','call','9','call','1','NEAREST','EAT','pop','4','call','9','call','1','NEAREST','EAT','pop','5','call','9','call','1','NEAREST','EAT','pop','6','call','9','call','1','NEAREST','EAT','pop','7','call','9','call','1','NEAREST','EAT','pop','8','call','9','call','1','NEAREST','EAT','pop','1','?loop','row1','1','1','OMOVE','?loop','row2','-1','0','OMOVE','?loop','row3','-1','1','OMOVE','?loop','row4','1','0','OMOVE','?loop','row5','1','-1','OMOVE','?loop','row6','0','1','OMOVE','?loop','row7','0','-1','OMOVE','?loop','row8','-1','-1','OMOVE','?loop','row9','2','1','NEAREST2','2dup','or','10','11','ifelse','15','NEAREST','2negate','2dup','2dup','OMOVE','pop','OMOVE','pop','OMOVE','pop','row10','0','MAKE-SPORE','pop','row11','2pop','1','10','NEAREST2','or','12','13','ifelse','row12','15','NEAREST','2negate','ENERGY','4','/','MAKE-SPORE','pop','row13','ENERGY','4','/','R0!','15','NEAREST','2negate','2dup','R0','MAKE-SPORE','pop','R0','MAKE-SPORE','pop']
shell_diva: ['main','0','-1','GROW','-1','=','1','if','0','1','GROW','-1','=','1','if','-1','0','GROW','-1','=','1','if','1','0','GROW','-1','=','1','if','-1','-1','GROW','-1','=','1','if','1','1','GROW','-1','=','1','if','1','-1','GROW','-1','=','1','if','-1','1','GROW','-1','=','1','if','2','call','row1','7','NEAREST','EAT','pop','1','?loop','row2','-1','R0!','0','R1!','20','R4!','4','R3!','0','R8!','0','R5!','6','call','8','call','row3','1','NEAREST','2dup','or','4','5','ifelse','row4','2dup','R1!','R0!','WHERE','9','call','row5','2pop','row6','R4','7','call','3','call','1','?loop','row7','R0','R1','OMOVE','pop','3','call','R0','R1','EAT','pop','1-','dup','?loop','pop','row8','1','?loop','row9','R0','R1','OMOVE','pop','1-','dup','?loop','pop']
sperm: ['main','43','call','43','call','1','call','2','call','4','call','5','call','7','call','8','call','10','call','11','call','13','call','14','call','16','call','17','call','19','call','20','call','22','call','23','call','25','call','1','?loop','row1','4','NEAREST','2dup','EAT','pop','OMOVE','?loop','row2','0','1','2dup','EAT','0','>','3','if','OMOVE','?loop','row3','26','call','row4','4','NEAREST','2dup','EAT','pop','OMOVE','?loop','row5','1','1','2dup','EAT','0','>','6','if','OMOVE','?loop','row6','26','call','row7','4','NEAREST','2dup','EAT','pop','OMOVE','?loop','row8','-1','0','2dup','EAT','0','>','9','if','OMOVE','?loop','row9','26','call','row10','4','NEAREST','2dup','EAT','pop','OMOVE','?loop','row11','-1','1','2dup','EAT','0','>','12','if','OMOVE','?loop','row12','26','call','row13','4','NEAREST','2dup','EAT','pop','OMOVE','?loop','row14','1','0','2dup','EAT','0','>','15','if','OMOVE','?loop','row15','26','call','row16','4','NEAREST','2dup','EAT','pop','OMOVE','?loop','row17','1','-1','2dup','EAT','0','>','18','if','OMOVE','?loop','row18','26','call','row19','4','NEAREST','2dup','EAT','pop','OMOVE','?loop','row20','0','-1','2dup','EAT','0','>','21','if','OMOVE','?loop','row21','26','call','row22','4','NEAREST','2dup','EAT','pop','OMOVE','?loop','row23','-1','-1','2dup','EAT','0','>','24','if','OMOVE','?loop','row24','26','call','row25','4','NEAREST','2dup','EAT','pop','OMOVE','?loop','row26','20','R9!','0','-1','LOOK','R9','<','27','if','1','-1','LOOK','R9','<','29','if','1','0','LOOK','R9','<','31','if','1','1','LOOK','R9','<','33','if','0','1','LOOK','R9','<','35','if','-1','1','LOOK','R9','<','37','if','-1','0','LOOK','R9','<','39','if','-1','-1','LOOK','R9','<','41','if','row27','1','=','28','if','row28','43','call','row29','1','=','30','if','row30','43','call','row31','1','=','32','if','row32','43','call','row33','1','=','34','if','row34','43','call','row35','1','=','36','if','row36','43','call','row37','1','=','38','if','row38','43','call','row39','1','=','40','if','row40','43','call','row41','1','=','42','if','row42','43','call','row43','25','R5!','0','-1','LOOK','R5','<','44','if','1','-1','LOOK','R5','<','45','if','1','0','LOOK','R5','<','46','if','1','1','LOOK','R5','<','47','if','0','1','LOOK','R5','<','48','if','-1','1','LOOK','R5','<','49','if','-1','0','LOOK','R5','<','50','if','-1','-1','LOOK','R5','<','51','if','ENERGY','8','/','R0!','15','FARTHEST','2dup','2dup','2negate','2dup','R0','MAKE-SPORE','pop','R0','MAKE-SPORE','pop','OMOVE','pop','OMOVE','pop','row44','8','=','?exit','if','row45','8','=','?exit','if','row46','8','=','?exit','if','row47','8','=','?exit','if','row48','8','=','?exit','if','row49','8','=','?exit','if','row50','8','=','?exit','if','row51','8','=','?exit','if','row52','0','pop']
sqr: ['main','-53','OMOVE','43','unpack2','5','call','5','5','call','5','call','5','5','call','5','5','call','1','9','call','pack4','call','pack4','28','3','?loop','19','/mod','5','call','<>','43','unpack2','-44','-96','-24','-81','Rn','row1','row2','CB','row3','*','row4','9','row5','NEAREST','EAT','GROW','GROW','-66','ROTATE','EAT','-66','ROTATE','NEAREST','EAT','-62','OMOVE','NEAREST','EAT','-58','ROTATE','NEAREST','EAT','-69','pack2','NEAREST','EAT','-66','ROTATE','NEAREST','EAT','-66','ROTATE','NEAREST','ROTATE','EAT','-65','NEAREST','EAT','EAT','row6','tuck','-54','CB','MAKE-SPORE','pick','-61','tuck','-34','MAKE-SPORE','pick','-61','row7','-51','R3!','-57','-31','R5','row8','row9','62','-50','>=','MAKE-SPORE','dup','MAKE-SPORE','row10','31','row11','R5!','-90','row12','NEAREST','EAT','GROW','GROW','-62','ROTATE','EAT','-62','ROTATE','-63','OMOVE','NEAREST','EAT','-62','ROTATE','NEAREST','EAT','-67','/mod','GROW','EAT','-62','EAT','-70','ROTATE','NEAREST','ROTATE','EAT','-62','NEAREST','EAT','EAT','row13','row14','62','MOOD','row15','-4','-4','LOOK','-4','-88','R8','LOOK','-4','-88','row16','row17','row18','OMOVE','29','81','rot','row19','row20','row21','EAT','NEAREST','row22','15','row23','61','R4','abs','WHAT','62','5','WHAT','R6!','abs','2-','WHAT','62','max','row24','23','89','-92','LOOK','26','77','74','row25','row26','row27','12','-95','-64','62','ENERGY','-27','-43','-19','2dup','row28','HAS-NEIGHBOR','rot','19','rot','WHAT','-35']
sqr2: [main','-17','OMOVE','23','unpack2','5','call','dup','5','call','dup','5','1','MAKE-SPORE','dup','MAKE-SPORE','-88','EAT','-13','R5','if','-88','BROADCAST','*','1-','-69','EAT','2+','-61','-87','row1','row2','xor','-10','HAS-NEIGHBOR','xor','NUM-CELLS','row3','-17','xor','2swap','-15','negate','CMOVE','77','-84','17','-17','2negate','-70','17','unpack4','row4','pack2','row5','NEAREST','EAT','GROW','GROW','NEAREST','EAT','2+','ROTATE','NEAREST','EAT','2+','ROTATE','NEAREST','EAT','55','NEAREST','EAT','38','ROTATE','NEAREST','EAT','2+','ROTATE','NEAREST','EAT','55','NEAREST','EAT','2+','ROTATE','NEAREST','EAT','2+','ROTATE','NEAREST','EAT','-83','OMOVE','NEAREST','EAT','55','NEAREST','EAT','2+','ROTATE','NEAREST','EAT','38','ROTATE','NEAREST','EAT','-83','OMOVE','NEAREST','EAT','55','NEAREST','EAT','row6','row7','nip','row8','row9','-24','2pop','row10','row11','-62','not','-77','-67','-26','-62','not','-77','-67','-67','row12','row13','xor','HAS-NEIGHBOR','row14','unpack2','row15','R9!','row16','sign','2+','-26','-4','77','-93','2/','sign','HAS-NEIGHBOR','46','-74','unpack4','85','16','row17','row18','nip']
sweeper: ['main','9','call','9','call','2','call','R5!','9','8','call','6','call','9','2','7','call','8','call','1','?loop','row1','row2','2dup','OMOVE','?loop','EAT','R4!','EAT','EAT','EAT','row3','-45','EAT','-40','2swap','-48','-52','2swap','-52','-50','R3','-4','row4','86','R7!','97','86','R7!','97','row5','row6','55','-59','2+','xor','R1','GROW','row7','3','0','MOOD','2dup','EAT','pop','?loop','call','-16','OMOVE','2dup','EAT','2pop','over','row8','ENERGY','4','/','R0!','ifelse','-1','0','R0','MAKE-SPORE','pop','-1','0','R0','MAKE-SPORE','pop','1','3','AGE','rot','R5','42','-81','2swap','+','-1','OMOVE','R2!','R4!','pick','R7!','24','ifelse','-1','pop','row9','row10','-43','-53','R3','row11','RECV','WHAT','-59','40','row12','row13','1+','58','73','HAS-NEIGHBOR','row14','row15','2dup','OMOVE','?loop','EAT','R4!','EAT','EAT','row16','ifelse','0','0','pop','1','1','pop','0','R5','42','-81','2swap','R7!','+','OMOVE','R2!','R4!','pick','R7!','24','ifelse','-3','Rn','row17','ROTATE','row18','-1','pop','unpack2','row19','-62','-2','?exit','2','2negate','GROW','2','2negate','abs','8','-','-71','2','27','row20','row21','58','2swap','-16','R0','MAKE-SPORE','pop','3','rot','46','ifelse','-2','-4','+','OMOVE','R2!','R4!','pick','R7!','row22','row23','62','2swap','-14','R0','MAKE-SPORE','pop','1','rot','50','ifelse','0','0','+','OMOVE','R2!','R4!','pick','R7!','row24','R6','-68','32','92','Rn!','96']
weasel: ['main','0','-1','-1','LOOK','1','=','2','=','and','1','if','0','-1','LOOK','1','=','2','=','and','2','if','1','-1','LOOK','1','=','2','=','and','3','if','-1','0','LOOK','1','=','2','=','and','4','if','5','+','call','row1','1','or','row2','2','or','row3','4','or','row4','8','or','row5','20','row6','32','row7','33','row8','34','row9','35','row10','36','row11','37','row12','38','row13','39','row14','40','row15','41','row16','42','row17','row18','-1','-1','1','row19','0','-1','1','row20','row21','-1','-1','1','MAKE-SPORE','pop','row22','row23','row24','row25','row26','row27','row28','row29','row30','row31','row32','-1','-1','EAT','pop','-1','-1','OMOVE','pop','row33','0','-1','EAT','pop','-1','-1','OMOVE','pop','row34','-1','-1','EAT','pop','0','-1','EAT','pop','-1','-1','OMOVE','pop','row35','1','-1','EAT','pop','-1','-1','OMOVE','pop','row36','-1','-1','OMOVE','pop','row37','-1','-1','OMOVE','pop','row38','-1','-1','OMOVE','pop','row39','-1','-1','OMOVE','pop','row40','-1','-1','OMOVE','pop','row41','-1','-1','OMOVE','pop','row42','-1','-1','OMOVE','pop']
worm: ['main','call','call','1','9','call','2','call','pop','OMOVE','?loop','/mod','5','2','call','-','5','2','call','R1','max','call','OMOVE','?loop','call','-30','ifelse','call','ifelse','?dup','CMOVE','0=','20','GROW','2over','?loop','43','36','1+','R9','R9','+','?loop','/mod','row1','7','5','2dup','2dup','NEAREST2','EAT','OMOVE','NEAREST2','EAT','OMOVE','EAT','row2','R4','-33','2dup','GROW','row3','dup','57','-33','GROW','9','row4','-54','-38','91','-84','<=','-36','-54','-38','row5','-3','5','2dup','NEAREST2','EAT','pop','OMOVE','?loop','1','EAT','NEAREST2','-2','AGE','2*','OMOVE','?loop','1','-19','-19','R8','?loop','1','row6','44','44','25','9','9','AGE','AGE','1+','77','sign','row7','-54','-70','R5!','-42','-84','-36','-54','-70','-38','/mod','row8','over','over','or','-44','57','9','row9','-73','-1','-3','OMOVE','ENERGY','4','/','R0!','-1','0','R0','MAKE-SPORE','-1','0','R7','MAKE-SPORE','pop','pop','row10','25','-59','-8','-27','52','R1!','23','-76','row11','row12','row13','70','-16','BROADCAST','row14','or','abs','30','=','abs','27','43','-63','over','or','abs','27','row15','21','OMOVE','xor','row16','42','33','33','-75','<=','-75','<=','over','sign','row17','row18','<=','2/','R2','row19','35','if','dup','not','<>','26','row20','30','CMOVE','25','row21','row22','row23','or','or','>','+','-51','1+','-101','and','2swap','-2','-68','53','-43','71','54','>','row24','or','or','>','+','-52','1+','-98','and','2swap','-6','-65','51','+','-52','-47','68','51','>','row25','row26','row27','sqrt','-28','-19','92','row28','or','abs','28','=','-','-64','over','or','abs','28','row29','row30','row31','row32','row33','row34','or','/mod','-21','2over','R1','-rot','R9','31','row35','or','/mod','MOOD!','R3!','-21','2over','MOOD!','R3!','abs','32','row36','R4','R4','GROW','-33','GROW','-34','GROW','-33','GROW','row37','R4','R4','GROW','-33','GROW','-34','GROW','-33','GROW','row38','row39','or','abs','30','=','abs','27','43','-63','over','or','abs','27','row40','87','87','row41','87','row42','GROW','64','-81','-68','-76','MOOD!','44','=','61','-44','MOOD!','44','=','61','row43','or','abs','28','=','abs','28','-43','-64','over','or','abs','28','row44','-68','-3','-76','-32','-3','/mod','-44','MOOD!','44','=','-30','-41','MOOD!','44','=','61']
xy_seed: ['main','9','call','1','call','9','call','1','NEAREST','EAT','pop','2','call','9','call','1','NEAREST','EAT','pop','3','call','9','call','1','NEAREST','EAT','pop','4','call','9','call','1','NEAREST','EAT','pop','5','call','9','call','1','NEAREST','EAT','pop','6','call','9','call','1','NEAREST','EAT','pop','7','call','9','call','1','NEAREST','EAT','pop','8','call','9','call','1','NEAREST','EAT','pop','1','?loop','row1','1','1','OMOVE','?loop','row2','-1','0','OMOVE','?loop','row3','-1','1','OMOVE','?loop','row4','1','0','OMOVE','?loop','row5','1','-1','OMOVE','?loop','row6','0','1','OMOVE','?loop','row7','0','-1','OMOVE','?loop','row8','-1','-1','OMOVE','?loop','row9','2','1','NEAREST2','2dup','or','10','11','ifelse','15','NEAREST','2negate','2dup','2dup','OMOVE','pop','OMOVE','pop','OMOVE','pop','row10','0','MAKE-SPORE','pop','row11','15','NEAREST','2negate','ENERGY','4','/','MAKE-SPORE','pop']